carpeta_1,"Q0v,1Y%f7/)J",2023-05-23 17:04:40
carpeta_2,"gEh!R3$#tC2",2023-05-23 17:05:10
carpeta_3,"5(6^Tc%LMnP8",2023-05-23 17:05:40
carpeta_4,"$@M9Y!5pVb#s",2023-05-23 17:06:10
carpeta_5,"1w6!@Rv#B9Qx",2023-05-23 17:06:40
carpeta_6,"9Qc!p%3Hf2Y^",2023-05-23 17:07:10
carpeta_7,"s#J4@d^q6L7m",2023-05-23 17:07:40
carpeta_8,"z!8y#D^sRf7B",2023-05-23 17:08:10
carpeta_9,"5n&vWqM4K@7F",2023-05-23 17:08:40
carpeta_10,"B@3n9Z#yD6cF",2023-05-23 17:09:10
carpeta_11,"U7j#W9k@1d2e",2023-05-23 17:09:40
carpeta_12,"8m9P!S#zV3@q",2023-05-23 17:10:10
carpeta_13,"eP6!@sV8R#x4",2023-05-23 17:10:40
carpeta_14,"v@6jP5#H8XqY",2023-05-23 17:11:10
carpeta_15,"T^9q7k@C5xP3",2023-05-23 17:11:40
carpeta_16,"G5sRd!3F4M#W",2023-05-23 17:12:10
carpeta_17,"A8q4!J9Cw6@x",2023-05-23 17:12:40
carpeta_18,"C&5M8!d3J7zR",2023-05-23 17:13:10
carpeta_19,"4P9c@6W!v3jG",2023-05-23 17:13:40
carpeta_20,"Q#5Xe!6A3wJ9",2023-05-23 17:14:10
carpeta_1,"Q0v,1Y%f7/)J",2023-05-23 17:04:40
carpeta_2,"gEh!R3$#tC2",2023-05-23 17:05:10
carpeta_3,"5(6^Tc%LMnP8",2023-05-23 17:05:40
carpeta_4,"$@M9Y!5pVb#s",2023-05-23 17:06:10
carpeta_5,"1w6!@Rv#B9Qx",2023-05-23 17:06:40
carpeta_6,"9Qc!p%3Hf2Y^",2023-05-23 17:07:10
carpeta_7,"s#J4@d^q6L7m",2023-05-23 17:07:40
carpeta_8,"z!8y#D^sRf7B",2023-05-23 17:08:10
carpeta_9,"5n&vWqM4K@7F",2023-05-23 17:08:40
carpeta_10,"B@3n9Z#yD6cF",2023-05-23 17:09:10
carpeta_11,"U7j#W9k@1d2e",2023-05-23 17:09:40
carpeta_12,"8m9P!S#zV3@q",2023-05-23 17:10:10
carpeta_13,"eP6!@sV8R#x4",2023-05-23 17:10:40
carpeta_14,"v@6jP5#H8XqY",2023-05-23 17:11:10
carpeta_15,"T^9q7k@C5xP3",2023-05-23 17:11:40
carpeta_16,"G5sRd!3F4M#W",2023-05-23 17:12:10
carpeta_17,"A8q4!J9Cw6@x",2023-05-23 17:12:40
carpeta_18,"C&5M8!d3J7zR",2023-05-23 17:13:10
carpeta_19,"4P9c@6W!v3jG",2023-05-23 17:13:40
carpeta_20,"Q#5Xe!6A3wJ9",2023-05-23 17:14:10
carpeton,"1nDu^d},x>B\",2023-05-23 17:22:46
